{
    "1":"a",
    "2":"@",
    "3":"Y",
    "4":"T",
    "5":"p",
    "6":"m",
    "7":"7",
    "8":"0",
    "9":"e",
    "10":"d",
    "11":"z",
    "12":"w",
    "13":"c",
    "14":"f",
    "15":"8",
    "16":"9",
    "17":"J",
    "18":"G",
    "19":"S",
    "20":"Q",
    "21":"E",
    "22":"B",
    "23":"!",
    "24":"6",
    "25":"i",
    "26":"k",
    "27":"R",
    "28":"v",
    "29":"3",
    "30":"r",
    "31":"L",
    "32":"K",
    "33":"h",
    "34":"l",
    "35":"X",
    "36":"U",
    "37":"n",
    "38":"o",
    "39":"4",
    "40":"5",
    "41":"y",
    "42":"x",
    "43":"g",
    "44":"b",
    "45":"2",
    "46":"Z",
    "47":"M",
    "48":"N",
    "49":"u",
    "50":"t",
    "51":"W",
    "52":"V",
    "53":"D",
    "54":"C",
    "55":"H",
    "56":"I",
    "57":"q",
    "58":"s",
    "59":"A",
    "60":"F",
    "61":"j",
    "62":"1",
    "63":"O",
    "64":"P"
}